{"cameraMode":{"drawMode":0,"name":"Shaded","section":"Shading Mode"},"sceneLighting":true,"audioPlay":false,"sceneViewState":{"showFog":true,"showMaterialUpdate":false,"showSkybox":true,"showFlares":true,"showImageEffects":true,"showParticleSystems":true},"in2DMode":false,"pivot":{"x":928.7979125976563,"y":656.4568481445313,"z":-15.592529296875},"rotation":{"x":0.050666190683841708,"y":-0.011388092301785946,"z":-0.0005788070266135037,"w":-0.998664140701294},"size":2060.5732421875,"orthographic":false}