{"cameraMode":{"drawMode":0,"name":"Shaded","section":"Shading Mode"},"sceneLighting":false,"audioPlay":false,"sceneViewState":{"showFog":true,"showMaterialUpdate":false,"showSkybox":false,"showFlares":true,"showImageEffects":true,"showParticleSystems":true},"in2DMode":false,"pivot":{"x":-461.41925048828127,"y":-830.7352294921875,"z":-636.0872802734375},"rotation":{"x":-0.29413753747940066,"y":0.03926513344049454,"z":-0.012095963582396508,"w":-0.9548919200897217},"size":2459.347900390625,"orthographic":false}